{"ok": true, "task": "primality/0000", "paraphrase": 0, "sample": 0, "alias": "anthropic/claude-opus-4.6", "model_returned": "anthropic/claude-opus-4.6", "expected": true, "task_class": "prime", "response": "I need to check if 22861 is a prime number.\n\nLet me test divisibility by primes up to √22861 ≈ 151.2.\n\n- **2**: 22861 is odd. No.\n- **3**: 2+2+8+6+1 = 19, not divisible by 3. No.\n- **5**: Doesn't end in 0 or 5. No.\n- **7**: 22861 ÷ 7 = 3265.86... No.\n- **11**: 2-2+8-6+1 = 3, not divisible by 11. No.\n- **13**: 22861 ÷ 13 = 1758.5... No.\n- **17**: 22861 ÷ 17 = 1344.8... No.\n- **19**: 22861 ÷ 19 = 1203.2... No.\n- **23**: 22861 ÷ 23 = 993.9... No.\n- **29**: 22861 ÷ 29 = 788.3... No.\n- **31**: 22861 ÷ 31 = 737.5... No.\n- **37**: 22861 ÷ 37 = 617.9... No.\n- **41**: 22861 ÷ 41 = 557.6... No.\n- **43**: 22861 ÷ 43 = 531.7... No.\n- **47**: 22861 ÷ 47 = 486.4... No.\n- **53**: 22861 ÷ 53 = 431.3... No.\n- **59**: 22861 ÷ 59 = 387.5... No.\n- **61**: 22861 ÷ 61 = 374.8... No.\n- **67**: 22861 ÷ 67 = 341.2... No.\n- **71**: 22861 ÷ 71 = 322.0... Let me check: 71 × 322 = 22862. No.\n- **73**: 22861 ÷ 73 = 313.2... No.\n- **79**: 22861 ÷ 79 = 289.4... No.\n- **83**: 22861 ÷ 83 = 275.4... No.\n- **89**: 22861 ÷ 89 = 256.9... No.\n- **97**: 22861 ÷ 97 = 235.7... No.\n- **101**: 22861 ÷ 101 = 226.3... No.\n- **103**: 22861 ÷ 103 = 221.9... No.\n- **107**: 22861 ÷ 107 = 213.7... No.\n- **109**: 22861 ÷ 109 = 209.7... No.\n- **113**: 22861 ÷ 113 = 202.3... No.\n- **127**: 22861 ÷ 127 = 180.0... Let me check: 127 × 180 = 22860. So 22861 ÷ 127 = 180.007... No.\n- **131**: 22861 ÷ 131 = 174.5... No.\n- **137**: 22861 ÷ 137 = 166.9... No.\n- **139**: 22861 ÷ 139 = 164.5... No.\n- **149**: 22861 ÷ 149 = 153.4... No.\n- **151**: 22861 ÷ 151 = 151.4... Let me check: 151 × 151 = 22801, 151 × 152 = 22952. No.\n\nNo prime factors found up to √22861.\n\n**Yes**", "verdict": "correct", "extracted": true, "format_flags": {"chars": 1633, "refusal_marker": false, "has_markdown": true, "verbose": true}, "usage": {"prompt_tokens": 21, "completion_tokens": 997, "total_tokens": 1018, "cost": 0.02503, "is_byok": false, "prompt_tokens_details": {"cached_tokens": 0, "cache_write_tokens": 0, "audio_tokens": 0, "video_tokens": 0}, "cache_creation": {"ephemeral_5m_input_tokens": 0, "ephemeral_1h_input_tokens": 0}, "cost_details": {"upstream_inference_cost": 0.02503, "upstream_inference_prompt_cost": 0.000105, "upstream_inference_completions_cost": 0.024925}, "completion_tokens_details": {"reasoning_tokens": 0, "image_tokens": 0, "audio_tokens": 0}}, "cost_credits": "2503", "latency_ms": 12343}