{"ok": true, "task": "primality/0002", "paraphrase": 1, "sample": 0, "alias": "anthropic/claude-opus-4.6", "model_returned": "anthropic/claude-opus-4.6", "expected": false, "task_class": "semiprime", "response": "# Testing if 15397 is Prime\n\nI need to check if 15397 has any divisors other than 1 and itself. I only need to test prime divisors up to √15397 ≈ 124.1.\n\n## Systematic Division Tests\n\n**Small primes:**\n- **2:** 15397 is odd → not divisible\n- **3:** 1+5+3+9+7 = 25, not divisible by 3 → no\n- **5:** Ends in 7 → not divisible\n- **7:** 15397 ÷ 7 = 2199.57... → no\n- **11:** 1-5+3-9+7 = -3, not divisible by 11 → no\n- **13:** 15397 ÷ 13 = 1184.38... → no\n- **17:** 15397 ÷ 17 = 905.7... → no\n- **19:** 15397 ÷ 19 = 810.36... → no\n- **23:** 15397 ÷ 23 = 669.4... → no\n- **29:** 15397 ÷ 29 = 531.0... → let me check: 29 × 531 = 29 × 500 + 29 × 31 = 14500 + 899 = 15399 → no\n- **31:** 15397 ÷ 31 = 496.7... → no\n- **37:** 15397 ÷ 37 = 416.1... → 37 × 416 = 15392, remainder 5 → no\n- **41:** 15397 ÷ 41 = 375.5... → no\n- **43:** 15397 ÷ 43 = 358.07... → 43 × 358 = 15394, remainder 3 → no\n- **47:** 15397 ÷ 47 = 327.6... → no\n- **53:** 15397 ÷ 53 = 290.5... → 53 × 290 = 15370, remainder 27 → no\n- **59:** 15397 ÷ 59 = 261.0... → 59 × 261 = 15399 → no\n- **61:** 15397 ÷ 61 = 252.4... → 61 × 252 = 15372, remainder 25 → no\n- **67:** 15397 ÷ 67 = 229.8... → 67 × 229 = 15343, remainder 54 → no\n- **71:** 15397 ÷ 71 = 216.9... → 71 × 216 = 15336, remainder 61 → no\n- **73:** 15397 ÷ 73 = 210.9... → 73 × 210 = 15330, remainder 67 → no\n- **79:** 15397 ÷ 79 = 194.9... → 79 × 194 = 15326, remainder 71 → no\n- **83:** 15397 ÷ 83 = 185.5... → 83 × 185 = 15355, remainder 42 → no\n- **89:** 15397 ÷ 89 = 173.0... → 89 × 173 = 15397 → **YES!**\n\n## Verification\n89 × 173 = 89 × 170 + 89 × 3 = 15130 + 267 = **15397** ✓\n\n## Conclusion\n\n**15397 is not prime.** It factors as 89 × 173.", "verdict": "correct", "extracted": false, "format_flags": {"chars": 1663, "refusal_marker": false, "has_markdown": true, "verbose": true}, "usage": {"prompt_tokens": 29, "completion_tokens": 931, "total_tokens": 960, "cost": 0.02342, "is_byok": false, "prompt_tokens_details": {"cached_tokens": 0, "cache_write_tokens": 0, "audio_tokens": 0, "video_tokens": 0}, "cache_creation": {"ephemeral_5m_input_tokens": 0, "ephemeral_1h_input_tokens": 0}, "cost_details": {"upstream_inference_cost": 0.02342, "upstream_inference_prompt_cost": 0.000145, "upstream_inference_completions_cost": 0.023275}, "completion_tokens_details": {"reasoning_tokens": 0, "image_tokens": 0, "audio_tokens": 0}}, "cost_credits": "2342", "latency_ms": 11990}