{"ok": true, "task": "primality/0004", "paraphrase": 1, "sample": 0, "alias": "anthropic/claude-opus-4.6", "model_returned": "anthropic/claude-opus-4.6", "expected": true, "task_class": "prime", "response": "# Determining if 8867 is Prime\n\nI need to check if 8867 has any divisors other than 1 and itself. I only need to test prime divisors up to √8867 ≈ 94.2.\n\nSo I need to test primes: 2, 3, 5, 7, 11, 13, 17, 19, 23, 29, 31, 37, 41, 43, 47, 53, 59, 61, 67, 71, 73, 79, 83, 89.\n\n**Step-by-step division:**\n\n- **2:** 8867 is odd → not divisible\n- **3:** 8+8+6+7 = 29, not divisible by 3 → no\n- **5:** Doesn't end in 0 or 5 → no\n- **7:** 8867 ÷ 7 = 1266.71... → no\n- **11:** 8−8+6−7 = −1, not divisible by 11 → no\n- **13:** 13 × 682 = 8866, so 8867 ÷ 13 ≈ 682.08 → no\n- **17:** 17 × 521 = 8857, 8867 − 8857 = 10 → no\n- **19:** 19 × 466 = 8854, 8867 − 8854 = 13 → no\n- **23:** 23 × 385 = 8855, 8867 − 8855 = 12 → no\n- **29:** 29 × 305 = 8845, 8867 − 8845 = 22 → no\n- **31:** 31 × 286 = 8866, 8867 − 8866 = 1 → no\n- **37:** 37 × 239 = 8843, 8867 − 8843 = 24 → no\n- **41:** 41 × 216 = 8856, 8867 − 8856 = 11 → no\n- **43:** 43 × 206 = 8858, 8867 − 8858 = 9 → no\n- **47:** 47 × 188 = 8836, 8867 − 8836 = 31 → no\n- **53:** 53 × 167 = 8851, 8867 − 8851 = 16 → no\n- **59:** 59 × 150 = 8850, 8867 − 8850 = 17 → no\n- **61:** 61 × 145 = 8845, 8867 − 8845 = 22 → no\n- **67:** 67 × 132 = 8844, 8867 − 8844 = 23 → no\n- **71:** 71 × 124 = 8804, 71 × 125 = 8875, 8867 − 8804 = 63 → no\n- **73:** 73 × 121 = 8833, 8867 − 8833 = 34 → no\n- **79:** 79 × 112 = 8848, 8867 − 8848 = 19 → no\n- **83:** 83 × 106 = 8798, 83 × 107 = 8881, 8867 − 8798 = 69 → no\n- **89:** 89 × 99 = 8811, 89 × 100 = 8900, 8867 − 8811 = 56 → no\n\n## Conclusion\n\n**8867 is prime.** It has no divisors other than 1 and itself.", "verdict": "correct", "extracted": true, "format_flags": {"chars": 1568, "refusal_marker": false, "has_markdown": true, "verbose": true}, "usage": {"prompt_tokens": 29, "completion_tokens": 939, "total_tokens": 968, "cost": 0.02362, "is_byok": false, "prompt_tokens_details": {"cached_tokens": 0, "cache_write_tokens": 0, "audio_tokens": 0, "video_tokens": 0}, "cache_creation": {"ephemeral_5m_input_tokens": 0, "ephemeral_1h_input_tokens": 0}, "cost_details": {"upstream_inference_cost": 0.02362, "upstream_inference_prompt_cost": 0.000145, "upstream_inference_completions_cost": 0.023475}, "completion_tokens_details": {"reasoning_tokens": 0, "image_tokens": 0, "audio_tokens": 0}}, "cost_credits": "2362", "latency_ms": 11765}