{"ok": true, "task": "primality/0008", "paraphrase": 0, "sample": 0, "alias": "anthropic/claude-opus-4.6", "model_returned": "anthropic/claude-opus-4.6", "expected": false, "task_class": "semiprime", "response": "I need to check if 53531 is a prime number.\n\nLet me test divisibility by primes up to √53531 ≈ 231.\n\n**Small primes:** 2, 3, 5, 7, 11, 13...\n- Not even, not divisible by 3 (5+3+5+3+1=17), not by 5, not by 7 (53531/7 ≈ 7647.28), not by 11 (5-3+5-3+1=5, not divisible by 11), not by 13 (53531/13 ≈ 4117.8).\n\n**Testing more primes:**\n- 17: 53531/17 ≈ 3149.5 → 17×3149=53533, no\n- 19: 53531/19 ≈ 2817.4, no\n- 23: 53531/23 ≈ 2327.4, no\n- 29: 53531/29 ≈ 1845.9, no\n- 31: 53531/31 ≈ 1726.8, no\n- 37: 53531/37 ≈ 1446.8, no\n- 41: 53531/41 ≈ 1305.6, no\n- 43: 53531/43 ≈ 1244.9, no\n- 47: 53531/47 ≈ 1138.9, no\n- 53: 53531/53 ≈ 1010.0 → 53×1010 = 53530, so 53531/53 ≈ 1010.02, no\n- 59: 53531/59 ≈ 907.3, no\n- 61: 53531/61 ≈ 877.6, no\n- 67: 53531/67 ≈ 798.97, no\n- 71: 53531/71 ≈ 753.9, no\n- 73: 53531/73 ≈ 733.3, no\n- 79: 53531/79 ≈ 677.6, no\n- 83: 53531/83 ≈ 644.9, no\n- 89: 53531/89 ≈ 601.5, no\n- 97: 53531/97 ≈ 551.9, no\n- 101: 53531/101 ≈ 530.0 → 101×530 = 53530, so 53531/101 ≈ 530.01, no\n- 103: 53531/103 ≈ 519.7, no\n- 107: 53531/107 ≈ 500.3 → 107×500=53500, 107×500+31=53531, 31/107 no\n- 109: 53531/109 ≈ 491.1, no\n- 113: 53531/113 ≈ 473.7, no\n- 127: 53531/127 ≈ 421.5, no\n- 131: 53531/131 ≈ 408.6, no\n- 137: 53531/137 ≈ 390.7, no\n- 139: 53531/139 ≈ 385.1, no\n- 149: 53531/149 ≈ 359.3, no\n- 151: 53531/151 ≈ 354.5, no\n- 157: 53531/157 ≈ 340.9, no\n- 163: 53531/163 ≈ 328.4, no\n- 167: 53531/167 ≈ 320.5, no\n- 173: 53531/173 ≈ 309.4, no\n- 179: 53531/179 ≈ 299.1, no\n- 181: 53531/181 ≈ 295.8, no\n- 191", "verdict": "incorrect", "extracted": true, "format_flags": {"chars": 1492, "refusal_marker": false, "has_markdown": true, "verbose": true}, "usage": {"prompt_tokens": 21, "completion_tokens": 1024, "total_tokens": 1045, "cost": 0.025705, "is_byok": false, "prompt_tokens_details": {"cached_tokens": 0, "cache_write_tokens": 0, "audio_tokens": 0, "video_tokens": 0}, "cache_creation": {"ephemeral_5m_input_tokens": 0, "ephemeral_1h_input_tokens": 0}, "cost_details": {"upstream_inference_cost": 0.025705, "upstream_inference_prompt_cost": 0.000105, "upstream_inference_completions_cost": 0.0256}, "completion_tokens_details": {"reasoning_tokens": 0, "image_tokens": 0, "audio_tokens": 0}}, "cost_credits": "2571", "latency_ms": 14918}