{"ok": true, "task": "primality/0008", "paraphrase": 1, "sample": 0, "alias": "anthropic/claude-opus-4.6", "model_returned": "anthropic/claude-opus-4.6", "expected": false, "task_class": "semiprime", "response": "# Testing if 53531 is Prime\n\nI need to check if 53531 has any divisors other than 1 and itself. I only need to test primes up to √53531 ≈ 231.4.\n\n## Checking small primes\n\n- **2:** 53531 is odd. ✗\n- **3:** 5+3+5+3+1 = 17, not divisible by 3. ✗\n- **5:** Ends in 1, not 0 or 5. ✗\n- **7:** 53531 ÷ 7 = 7647.28... ✗\n- **11:** Alternating sum: 5-3+5-3+1 = 5, not divisible by 11. ✗\n- **13:** 53531 ÷ 13 = 4117.77... ✗\n- **17:** 53531 ÷ 17 = 3149.47... ✗\n- **19:** 53531 ÷ 19 = 2817.42... ✗\n- **23:** 53531 ÷ 23 = 2327.43... ✗\n- **29:** 53531 ÷ 29 = 1845.9... ✗\n- **31:** 53531 ÷ 31 = 1726.8... ✗\n- **37:** 53531 ÷ 37 = 1446.78... ✗\n- **41:** 53531 ÷ 41 = 1305.63... ✗\n- **43:** 53531 ÷ 43 = 1244.9... ✗\n- **47:** 53531 ÷ 47 = 1138.96... ✗\n- **53:** 53531 ÷ 53 = 1010.02... ✗\n- **59:** 53531 ÷ 59 = 907.31... ✗\n- **61:** 53531 ÷ 61 = 877.56... ✗\n- **67:** 53531 ÷ 67 = 798.97... ✗\n- **71:** 53531 ÷ 71 = 753.96... ✗\n- **73:** 53531 ÷ 73 = 733.3... ✗\n- **79:** 53531 ÷ 79 = 677.6... ✗\n- **83:** 53531 ÷ 83 = 644.95... ✗\n- **89:** 53531 ÷ 89 = 601.47... ✗\n- **97:** 53531 ÷ 97 = 551.87... ✗\n- **101:** 53531 ÷ 101 = 530.01... Let me check: 101 × 530 = 53530, so 53531 ÷ 101 = 530.0099... ✗\n- **103:** 53531 ÷ 103 = 519.72... ✗\n- **107:** 53531 ÷ 107 = 500.29... ✗\n- **109:** 53531 ÷ 109 = 491.11... ✗\n- **113:** 53531 ÷ 113 = 473.73... ✗\n- **127:** 53531 ÷ 127 = 421.5... ✗\n- **131:** 53531 ÷ 131 = 408.63... ✗\n- **137:** 53531 ÷ 137 = 390.74... ✗\n- **139:** 53531 ÷ 139 = 385.11... ✗\n- **149:** 53531 ÷ 149 = 359.27... ✗\n- **151:** 53531 ÷ 151 = 354.51... ✗\n- **157:** 53531 ÷ 157", "verdict": "incorrect", "extracted": true, "format_flags": {"chars": 1573, "refusal_marker": false, "has_markdown": true, "verbose": true}, "usage": {"prompt_tokens": 29, "completion_tokens": 1024, "total_tokens": 1053, "cost": 0.025745, "is_byok": false, "prompt_tokens_details": {"cached_tokens": 0, "cache_write_tokens": 0, "audio_tokens": 0, "video_tokens": 0}, "cache_creation": {"ephemeral_5m_input_tokens": 0, "ephemeral_1h_input_tokens": 0}, "cost_details": {"upstream_inference_cost": 0.025745, "upstream_inference_prompt_cost": 0.000145, "upstream_inference_completions_cost": 0.0256}, "completion_tokens_details": {"reasoning_tokens": 0, "image_tokens": 0, "audio_tokens": 0}}, "cost_credits": "2575", "latency_ms": 13101}