{"ok": true, "task": "primality/0010", "paraphrase": 0, "sample": 0, "alias": "anthropic/claude-opus-4.6", "model_returned": "anthropic/claude-opus-4.6", "expected": true, "task_class": "prime", "response": "Yes, 22717 is a prime number.\n\nTo verify: I need to check for divisibility by primes up to √22717 ≈ 150.7.\n\nChecking primes 2, 3, 5, 7, 11, 13, 17, 19, 23, 29, 31, 37, 41, 43, 47, 53, 59, 61, 67, 71, 73, 79, 83, 89, 97, 101, 103, 107, 109, 113, 127, 131, 137, 139, 149:\n\n- Not even (not divisible by 2)\n- Digit sum = 2+2+7+1+7 = 19 (not divisible by 3)\n- Doesn't end in 0 or 5 (not divisible by 5)\n- 22717 ÷ 7 = 3245.28... ✗\n- 22717 ÷ 11 = 2065.18... ✗\n- 22717 ÷ 13 = 1747.46... ✗\n- 22717 ÷ 17 = 1336.29... ✗\n- 22717 ÷ 19 = 1195.63... ✗\n- 22717 ÷ 23 = 987.7... ✗\n- 22717 ÷ 29 = 783.3... ✗\n- 22717 ÷ 31 = 732.8... ✗\n- 22717 ÷ 37 = 614.2... ✗\n- 22717 ÷ 41 = 554.1... ✗\n- 22717 ÷ 43 = 528.3... ✗\n- 22717 ÷ 47 = 483.3... ✗\n- 22717 ÷ 53 = 428.6... ✗\n- 22717 ÷ 59 = 385.0... → 59 × 385 = 22715, ✗\n- 22717 ÷ 61 = 372.4... ✗\n- 22717 ÷ 67 = 339.1... ✗\n- 22717 ÷ 71 = 319.9... ✗\n- 22717 ÷ 73 = 311.2... ✗\n- 22717 ÷ 79 = 287.6... ✗\n- 22717 ÷ 83 = 273.7... ✗\n- 22717 ÷ 89 = 255.2... ✗\n- 22717 ÷ 97 = 234.2... ✗\n- 22717 ÷ 101 = 224.9... ✗\n- 22717 ÷ 103 = 220.6... ✗\n- 22717 ÷ 107 = 212.3... ✗\n- 22717 ÷ 109 = 208.4... ✗\n- 22717 ÷ 113 = 201.0... → 113 × 201 = 22713, ✗\n- 22717 ÷ 127 = 178.9... ✗\n- 22717 ÷ 131 = 173.4... ✗\n- 22717 ÷ 137 = 165.8... ✗\n- 22717 ÷ 139 = 163.4... ✗\n- 22717 ÷ 149 = 152.5... ✗\n\nNone divide evenly, so **yes**, 22717 is prime.", "verdict": "correct", "extracted": true, "format_flags": {"chars": 1338, "refusal_marker": false, "has_markdown": true, "verbose": true}, "usage": {"prompt_tokens": 21, "completion_tokens": 968, "total_tokens": 989, "cost": 0.024305, "is_byok": false, "prompt_tokens_details": {"cached_tokens": 0, "cache_write_tokens": 0, "audio_tokens": 0, "video_tokens": 0}, "cache_creation": {"ephemeral_5m_input_tokens": 0, "ephemeral_1h_input_tokens": 0}, "cost_details": {"upstream_inference_cost": 0.024305, "upstream_inference_prompt_cost": 0.000105, "upstream_inference_completions_cost": 0.0242}, "completion_tokens_details": {"reasoning_tokens": 0, "image_tokens": 0, "audio_tokens": 0}}, "cost_credits": "2431", "latency_ms": 12535}