{"ok": true, "task": "primality/0011", "paraphrase": 1, "sample": 0, "alias": "anthropic/claude-opus-4.6", "model_returned": "anthropic/claude-opus-4.6", "expected": false, "task_class": "semiprime", "response": "# Determining if 13301 is Prime\n\nI need to check if 13301 has any divisors other than 1 and itself. I only need to test primes up to √13301 ≈ 115.3.\n\n## Primes to test: 2, 3, 5, 7, 11, 13, 17, 19, 23, 29, 31, 37, 41, 43, 47, 53, 59, 61, 67, 71, 73, 79, 83, 89, 97, 101, 103, 107, 109, 113\n\n**Divisibility tests:**\n\n- **2:** 13301 is odd. ✗\n- **3:** 1+3+3+0+1 = 8, not divisible by 3. ✗\n- **5:** Ends in 1, not 0 or 5. ✗\n- **7:** 13301 ÷ 7 = 1900.14... ✗\n- **11:** 1−3+3−0+1 = 2, not divisible by 11. ✗\n- **13:** 13 × 1023 = 13299, 13301 − 13299 = 2. ✗\n- **17:** 17 × 782 = 13294, 13301 − 13294 = 7. ✗\n- **19:** 19 × 700 = 13300, 13301 − 13300 = 1. ✗\n- **23:** 23 × 578 = 13294, 13301 − 13294 = 7. ✗\n- **29:** 29 × 458 = 13282, 13301 − 13282 = 19. ✗\n- **31:** 31 × 429 = 13299, 13301 − 13299 = 2. ✗\n- **37:** 37 × 359 = 13283, 13301 − 13283 = 18. ✗\n- **41:** 41 × 324 = 13284, 13301 − 13284 = 17. ✗\n- **43:** 43 × 309 = 13287, 13301 − 13287 = 14. ✗\n- **47:** 47 × 283 = 13301. ✓ **Yes!**\n\n## Verification\n47 × 283 = 47 × 280 + 47 × 3 = 13160 + 141 = 13301 ✓\n\n## Conclusion\n\n**13301 is not prime.** It factors as 47 × 283.", "verdict": "correct", "extracted": false, "format_flags": {"chars": 1120, "refusal_marker": false, "has_markdown": true, "verbose": true}, "usage": {"prompt_tokens": 29, "completion_tokens": 675, "total_tokens": 704, "cost": 0.01702, "is_byok": false, "prompt_tokens_details": {"cached_tokens": 0, "cache_write_tokens": 0, "audio_tokens": 0, "video_tokens": 0}, "cache_creation": {"ephemeral_5m_input_tokens": 0, "ephemeral_1h_input_tokens": 0}, "cost_details": {"upstream_inference_cost": 0.01702, "upstream_inference_prompt_cost": 0.000145, "upstream_inference_completions_cost": 0.016875}, "completion_tokens_details": {"reasoning_tokens": 0, "image_tokens": 0, "audio_tokens": 0}}, "cost_credits": "1702", "latency_ms": 9777}