{"ok": true, "task": "primality/0014", "paraphrase": 0, "sample": 0, "alias": "anthropic/claude-opus-4.6", "model_returned": "anthropic/claude-opus-4.6", "expected": true, "task_class": "prime", "response": "I need to check if 20369 is a prime number.\n\nLet me test divisibility by primes up to √20369 ≈ 142.7.\n\n- **2**: 20369 is odd. Not divisible.\n- **3**: 2+0+3+6+9 = 20. Not divisible by 3.\n- **5**: Doesn't end in 0 or 5. Not divisible.\n- **7**: 20369 ÷ 7 = 2909.857... No.\n- **11**: 20369 ÷ 11 = 1851.7... No.\n- **13**: 20369 ÷ 13 = 1566.8... No.\n- **17**: 20369 ÷ 17 = 1198.2... No.\n- **19**: 20369 ÷ 19 = 1072.0... Let me check: 19 × 1072 = 20368. No.\n- **23**: 20369 ÷ 23 = 885.6... No.\n- **29**: 20369 ÷ 29 = 702.4... No.\n- **31**: 20369 ÷ 31 = 657.1... No.\n- **37**: 20369 ÷ 37 = 550.5... No.\n- **41**: 20369 ÷ 41 = 496.8... No.\n- **43**: 20369 ÷ 43 = 473.7... No.\n- **47**: 20369 ÷ 47 = 433.4... No.\n- **53**: 20369 ÷ 53 = 384.3... No.\n- **59**: 20369 ÷ 59 = 345.2... No.\n- **61**: 20369 ÷ 61 = 333.9... No.\n- **67**: 20369 ÷ 67 = 304.0... Let me check: 67 × 304 = 20368. No.\n- **71**: 20369 ÷ 71 = 286.9... No.\n- **73**: 20369 ÷ 73 = 279.0... 73 × 279 = 20367. No.\n- **79**: 20369 ÷ 79 = 257.8... No.\n- **83**: 20369 ÷ 83 = 245.4... No.\n- **89**: 20369 ÷ 89 = 228.9... No.\n- **97**: 20369 ÷ 97 = 209.9... 97 × 210 = 20370. So 20369 = 97 × 210 - 1. No.\n- **101**: 20369 ÷ 101 = 201.7... No.\n- **103**: 20369 ÷ 103 = 197.8... No.\n- **107**: 20369 ÷ 107 = 190.4... No.\n- **109**: 20369 ÷ 109 = 186.9... No.\n- **113**: 20369 ÷ 113 = 180.3... No.\n- **127**: 20369 ÷ 127 = 160.4... No.\n- **131**: 20369 ÷ 131 = 155.5... 131 × 155 = 20305, 20369 - 20305 = 64. No.\n- **137**: 20369 ÷ 137 = 148.7... No.\n- **139**: 20369 ÷ 139 = 146.5... No.\n\nNo prime factors found up to √20369.\n\n**Yes.**", "verdict": "correct", "extracted": true, "format_flags": {"chars": 1584, "refusal_marker": false, "has_markdown": true, "verbose": true}, "usage": {"prompt_tokens": 21, "completion_tokens": 968, "total_tokens": 989, "cost": 0.024305, "is_byok": false, "prompt_tokens_details": {"cached_tokens": 0, "cache_write_tokens": 0, "audio_tokens": 0, "video_tokens": 0}, "cache_creation": {"ephemeral_5m_input_tokens": 0, "ephemeral_1h_input_tokens": 0}, "cost_details": {"upstream_inference_cost": 0.024305, "upstream_inference_prompt_cost": 0.000105, "upstream_inference_completions_cost": 0.0242}, "completion_tokens_details": {"reasoning_tokens": 0, "image_tokens": 0, "audio_tokens": 0}}, "cost_credits": "2431", "latency_ms": 12340}