{"ok": true, "task": "primality/0014", "paraphrase": 1, "sample": 0, "alias": "anthropic/claude-opus-4.6", "model_returned": "anthropic/claude-opus-4.6", "expected": true, "task_class": "prime", "response": "# Testing if 20369 is Prime\n\nI need to check if 20369 has any divisors other than 1 and itself. I only need to test primes up to √20369 ≈ 142.7.\n\n## Systematic Division\n\n**Small primes:**\n- **2:** 20369 is odd → not divisible\n- **3:** 2+0+3+6+9 = 20, not divisible by 3\n- **5:** Doesn't end in 0 or 5\n- **7:** 20369 ÷ 7 = 2909.857... → no\n- **11:** 2-0+3-6+9 = 8, not divisible by 11\n- **13:** 20369 ÷ 13 = 1566.846... → no\n- **17:** 20369 ÷ 17 = 1198.176... → no\n- **19:** 20369 ÷ 19 = 1072.05... → no\n- **23:** 20369 ÷ 23 = 885.6... → no\n- **29:** 20369 ÷ 29 = 702.37... → no\n- **31:** 20369 ÷ 31 = 657.06... → no\n- **37:** 20369 ÷ 37 = 550.51... → no\n- **41:** 20369 ÷ 41 = 496.8... → no\n- **43:** 20369 ÷ 43 = 473.69... → no\n- **47:** 20369 ÷ 47 = 433.38... → no\n- **53:** 20369 ÷ 53 = 384.32... → no\n- **59:** 20369 ÷ 59 = 345.23... → no\n- **61:** 20369 ÷ 61 = 333.9... → no\n- **67:** 20369 ÷ 67 = 303.86... → no\n- **71:** 20369 ÷ 71 = 286.88... → no\n- **73:** 20369 ÷ 73 = 278.9... → no\n- **79:** 20369 ÷ 79 = 257.83... → no\n- **83:** 20369 ÷ 83 = 245.40... → no\n- **89:** 20369 ÷ 89 = 228.86... → no\n- **97:** 20369 ÷ 97 = 209.98... → let me check: 97 × 210 = 20370, so 97 × 210 - 1 = 20369. → no\n- **101:** 20369 ÷ 101 = 201.67... → no\n- **103:** 20369 ÷ 103 = 197.75... → no\n- **107:** 20369 ÷ 107 = 190.36... → no\n- **109:** 20369 ÷ 109 = 186.87... → no\n- **113:** 20369 ÷ 113 = 180.25... → 113 × 180 = 20340, 20369 - 20340 = 29 → no\n- **127:** 20369 ÷ 127 = 160.38... → no\n- **131:** 20369 ÷ 131 = 155.48... → no\n- **137:** 20369 ÷ 137 = 148.68... → no\n- **139:** 20369 ÷ 139 = 146.53... → no\n\n## Conclusion\n\n**20369 is prime.** It has no divisors among all primes up to 142, confirming it is a prime number.", "verdict": "correct", "extracted": true, "format_flags": {"chars": 1719, "refusal_marker": false, "has_markdown": true, "verbose": true}, "usage": {"prompt_tokens": 29, "completion_tokens": 969, "total_tokens": 998, "cost": 0.02437, "is_byok": false, "prompt_tokens_details": {"cached_tokens": 0, "cache_write_tokens": 0, "audio_tokens": 0, "video_tokens": 0}, "cache_creation": {"ephemeral_5m_input_tokens": 0, "ephemeral_1h_input_tokens": 0}, "cost_details": {"upstream_inference_cost": 0.02437, "upstream_inference_prompt_cost": 0.000145, "upstream_inference_completions_cost": 0.024225}, "completion_tokens_details": {"reasoning_tokens": 0, "image_tokens": 0, "audio_tokens": 0}}, "cost_credits": "2437", "latency_ms": 13544}