{"ok": true, "task": "primality/0015", "paraphrase": 0, "sample": 0, "alias": "anthropic/claude-opus-4.6", "model_returned": "anthropic/claude-opus-4.6", "expected": false, "task_class": "semiprime", "response": "I need to check if 43921 is a prime number.\n\nLet me test divisibility by primes.\n\nFirst, √43921 ≈ 209.6, so I need to check primes up to 209.\n\n- **2**: 43921 is odd. No.\n- **3**: 4+3+9+2+1 = 19, not divisible by 3. No.\n- **5**: Doesn't end in 0 or 5. No.\n- **7**: 43921 ÷ 7 = 6274.43... No.\n- **11**: Alternating sum: 4-3+9-2+1 = 9, not divisible by 11. No.\n- **13**: 43921 ÷ 13 = 3378.5... No.\n- **17**: 43921 ÷ 17 = 2583.6... No.\n- **19**: 43921 ÷ 19 = 2311.6... No.\n- **23**: 43921 ÷ 23 = 1909.6... No.\n- **29**: 43921 ÷ 29 = 1514.5... No.\n- **31**: 43921 ÷ 31 = 1416.8... No.\n- **37**: 43921 ÷ 37 = 1187.3... No.\n- **41**: 43921 ÷ 41 = 1071.2... No.\n- **43**: 43921 ÷ 43 = 1021.4... No.\n- **47**: 43921 ÷ 47 = 934.5... No.\n- **53**: 43921 ÷ 53 = 828.7... No.\n- **59**: 43921 ÷ 59 = 744.4... No.\n- **61**: 43921 ÷ 61 = 720.0... Let me check: 61 × 720 = 43920. So 43921 ÷ 61 = 720.016... No.\n- **67**: 43921 ÷ 67 = 655.5... No.\n- **71**: 43921 ÷ 71 = 618.6... No.\n- **73**: 43921 ÷ 73 = 601.7... No.\n- **79**: 43921 ÷ 79 = 555.9... No.\n- **83**: 43921 ÷ 83 = 529.2... No.\n- **89**: 43921 ÷ 89 = 493.5... No.\n- **97**: 43921 ÷ 97 = 452.8... No.\n- **101**: 43921 ÷ 101 = 434.9... No.\n- **103**: 43921 ÷ 103 = 426.4... No.\n- **107**: 43921 ÷ 107 = 410.5... No.\n- **109**: 43921 ÷ 109 = 403.0... 109 × 403 = 43927. No.\n- **113**: 43921 ÷ 113 = 388.7... No.\n- **127**: 43921 ÷ 127 = 345.8... No.\n- **131**: 43921 ÷ 131 = 335.3... No.\n- **137**: 43921 ÷ 137 = 320.6... No.\n- **139**: 43921 ÷ 139 = 316.0... 139 × 316 = 43924. No.\n- **149**: 43921 ÷ 149 = 294.8... No.\n- **151**: 43921 ÷ 151 = 290.9... No.\n- **157**: 43921 ÷ 157 = 279.7... No.\n- **163**: 43921 ÷ 163 ", "verdict": "incorrect", "extracted": true, "format_flags": {"chars": 1663, "refusal_marker": false, "has_markdown": true, "verbose": true}, "usage": {"prompt_tokens": 21, "completion_tokens": 1024, "total_tokens": 1045, "cost": 0.025705, "is_byok": false, "prompt_tokens_details": {"cached_tokens": 0, "cache_write_tokens": 0, "audio_tokens": 0, "video_tokens": 0}, "cache_creation": {"ephemeral_5m_input_tokens": 0, "ephemeral_1h_input_tokens": 0}, "cost_details": {"upstream_inference_cost": 0.025705, "upstream_inference_prompt_cost": 0.000105, "upstream_inference_completions_cost": 0.0256}, "completion_tokens_details": {"reasoning_tokens": 0, "image_tokens": 0, "audio_tokens": 0}}, "cost_credits": "2571", "latency_ms": 12463}