{"ok": true, "task": "primality/0017", "paraphrase": 1, "sample": 0, "alias": "anthropic/claude-opus-4.6", "model_returned": "anthropic/claude-opus-4.6", "expected": false, "task_class": "semiprime", "response": "# Testing if 15931 is Prime\n\nI need to check if 15931 has any divisors other than 1 and itself. I only need to test prime divisors up to √15931 ≈ 126.2.\n\nSo I need to test primes up to 126: 2, 3, 5, 7, 11, 13, 17, 19, 23, 29, 31, 37, 41, 43, 47, 53, 59, 61, 67, 71, 73, 79, 83, 89, 97, 101, 103, 107, 109, 113.\n\n**Divisibility tests:**\n\n- **2:** 15931 is odd. ✗\n- **3:** 1+5+9+3+1 = 19, not divisible by 3. ✗\n- **5:** Doesn't end in 0 or 5. ✗\n- **7:** 15931 ÷ 7 = 2275.86... ✗\n- **11:** 1−5+9−3+1 = 3, not divisible by 11. ✗\n- **13:** 13 × 1225 = 15925, 15931 − 15925 = 6. ✗\n- **17:** 17 × 937 = 15929, 15931 − 15929 = 2. ✗\n- **19:** 19 × 838 = 15922, 15931 − 15922 = 9. ✗\n- **23:** 23 × 692 = 15916, 15931 − 15916 = 15. ✗\n- **29:** 29 × 549 = 15921, 15931 − 15921 = 10. ✗\n- **31:** 31 × 514 = 15934, too high. 31 × 513 = 15903, 15931 − 15903 = 28. ✗\n- **37:** 37 × 430 = 15910, 15931 − 15910 = 21. ✗\n- **41:** 41 × 388 = 15908, 15931 − 15908 = 23. ✗\n- **43:** 43 × 370 = 15910, 15931 − 15910 = 21. ✗\n- **47:** 47 × 338 = 15886, 47 × 339 = 15933, 15931 − 15886 = 45. ✗\n- **53:** 53 × 300 = 15900, 15931 − 15900 = 31. ✗\n- **59:** 59 × 270 = 15930, 15931 − 15930 = 1. ✗\n- **61:** 61 × 261 = 15921, 15931 − 15921 = 10. ✗\n- **67:** 67 × 237 = 15879, 67 × 238 = 15946, remainder 52. ✗\n- **71:** 71 × 224 = 15904, 15931 − 15904 = 27. ✗\n- **73:** 73 × 218 = 15914, 15931 − 15914 = 17. ✗\n- **79:** 79 × 201 = 15879, 79 × 202 = 15958, remainder 52. ✗\n- **83:** 83 × 191 = 15853, 83 × 192 = 15936, remainder 78. ✗\n- **89:** 89 × 179 = 15931. **✓ MATCH!**\n\n## Conclusion\n\n**15931 is NOT prime.** It factors as:\n\n**15931 = 89 × 179**", "verdict": "correct", "extracted": false, "format_flags": {"chars": 1621, "refusal_marker": false, "has_markdown": true, "verbose": true}, "usage": {"prompt_tokens": 29, "completion_tokens": 975, "total_tokens": 1004, "cost": 0.02452, "is_byok": false, "prompt_tokens_details": {"cached_tokens": 0, "cache_write_tokens": 0, "audio_tokens": 0, "video_tokens": 0}, "cache_creation": {"ephemeral_5m_input_tokens": 0, "ephemeral_1h_input_tokens": 0}, "cost_details": {"upstream_inference_cost": 0.02452, "upstream_inference_prompt_cost": 0.000145, "upstream_inference_completions_cost": 0.024375}, "completion_tokens_details": {"reasoning_tokens": 0, "image_tokens": 0, "audio_tokens": 0}}, "cost_credits": "2452", "latency_ms": 12910}