{"ok": true, "task": "primality/0018", "paraphrase": 0, "sample": 0, "alias": "anthropic/claude-opus-4.6", "model_returned": "anthropic/claude-opus-4.6", "expected": false, "task_class": "semiprime", "response": "I need to check if 84197 is a prime number.\n\nLet me test divisibility by primes up to √84197 ≈ 290.\n\n**Small primes:** 2, 3, 5, 7, 11, 13...\n- Not even, not divisible by 3 (8+4+1+9+7=29), not by 5, not by 7 (84197/7 ≈ 12028.1), not by 11 (8-4+1-9+7=3), not by 13 (84197/13 ≈ 6476.7)\n\n**More primes:** 17, 19, 23, 29, 31, 37, 41, 43, 47...\n- 84197/17 ≈ 4952.8\n- 84197/19 ≈ 4431.4\n- 84197/23 ≈ 3660.7\n- 84197/29 ≈ 2903.3\n- 84197/31 ≈ 2716.0 → 31 × 2716 = 84196, so no\n- 84197/37 ≈ 2275.6\n- 84197/41 ≈ 2053.6\n- 84197/43 ≈ 1958.1\n- 84197/47 ≈ 1791.4\n- 84197/53 ≈ 1588.6\n- 84197/59 ≈ 1427.1\n- 84197/61 ≈ 1380.3\n- 84197/67 ≈ 1256.7\n- 84197/71 ≈ 1185.9\n- 84197/73 ≈ 1153.4\n- 84197/79 ≈ 1065.8\n- 84197/83 ≈ 1014.4\n- 84197/89 ≈ 945.9\n- 84197/97 ≈ 867.9\n- 84197/101 ≈ 833.6\n- 84197/103 ≈ 817.4\n- 84197/107 ≈ 786.9\n- 84197/109 ≈ 772.4\n- 84197/113 ≈ 745.1\n- 84197/127 ≈ 663.0 → 127 × 663 = 84201, no\n- 84197/131 ≈ 642.7\n- 84197/137 ≈ 614.6\n- 84197/139 ≈ 605.7\n- 84197/149 ≈ 565.1\n- 84197/151 ≈ 557.6\n- 84197/157 ≈ 536.3\n- 84197/163 ≈ 516.5\n- 84197/167 ≈ 504.2\n- 84197/173 ≈ 486.7\n- 84197/179 ≈ 470.4\n- 84197/181 ≈ 465.2\n- 84197/191 ≈ 440.8\n- 84197/193 ≈ 436.3\n- 84197/197 ≈ 427.4\n- 84197/199 ≈ 423.1\n- 84197/211 ≈ 399.0 → 211 × 399 = 84189, no\n- 84197/223 ≈ 377.6\n- 84197/227 ≈ 370.9\n- 84197/229 ≈ 367.7\n- 84197/233 ≈ 361.4\n- 84197/239 ≈ 352.3\n- 84197/241 ≈ 349.4\n- 84197/251 ≈ 335.4\n- 84197/257 ", "verdict": "incorrect", "extracted": true, "format_flags": {"chars": 1384, "refusal_marker": false, "has_markdown": true, "verbose": true}, "usage": {"prompt_tokens": 21, "completion_tokens": 1024, "total_tokens": 1045, "cost": 0.025705, "is_byok": false, "prompt_tokens_details": {"cached_tokens": 0, "cache_write_tokens": 0, "audio_tokens": 0, "video_tokens": 0}, "cache_creation": {"ephemeral_5m_input_tokens": 0, "ephemeral_1h_input_tokens": 0}, "cost_details": {"upstream_inference_cost": 0.025705, "upstream_inference_prompt_cost": 0.000105, "upstream_inference_completions_cost": 0.0256}, "completion_tokens_details": {"reasoning_tokens": 0, "image_tokens": 0, "audio_tokens": 0}}, "cost_credits": "2571", "latency_ms": 13981}