{"ok": true, "task": "primality/0018", "paraphrase": 1, "sample": 0, "alias": "anthropic/claude-opus-4.6", "model_returned": "anthropic/claude-opus-4.6", "expected": false, "task_class": "semiprime", "response": "# Testing if 84197 is Prime\n\nI need to check if 84197 has any divisors other than 1 and itself. I only need to test primes up to √84197 ≈ 290.2.\n\n## Checking small primes\n\n- **2:** 84197 is odd ✓\n- **3:** 8+4+1+9+7 = 29, not divisible by 3 ✓\n- **5:** Doesn't end in 0 or 5 ✓\n- **7:** 84197 ÷ 7 = 12028.14... ✓\n- **11:** 8-4+1-9+7 = 3, not divisible by 11 ✓\n- **13:** 84197 ÷ 13 = 6476.69... ✓\n- **17:** 84197 ÷ 17 = 4952.76... ✓\n- **19:** 84197 ÷ 19 = 4431.42... ✓\n- **23:** 84197 ÷ 23 = 3660.74... ✓\n- **29:** 84197 ÷ 29 = 2903.34... ✓\n- **31:** 84197 ÷ 31 = 2716.03... ✓\n- **37:** 84197 ÷ 37 = 2275.59... ✓\n- **41:** 84197 ÷ 41 = 2053.59... ✓\n- **43:** 84197 ÷ 43 = 1958.07... ✓\n- **47:** 84197 ÷ 47 = 1791.42... ✓\n- **53:** 84197 ÷ 53 = 1588.62... ✓\n- **59:** 84197 ÷ 59 = 1427.07... ✓\n- **61:** 84197 ÷ 61 = 1380.27... ✓\n- **67:** 84197 ÷ 67 = 1256.67... ✓\n- **71:** 84197 ÷ 71 = 1185.87... ✓\n- **73:** 84197 ÷ 73 = 1153.38... ✓\n- **79:** 84197 ÷ 79 = 1065.78... ✓\n- **83:** 84197 ÷ 83 = 1014.42... ✓\n- **89:** 84197 ÷ 89 = 945.92... ✓\n- **97:** 84197 ÷ 97 = 867.90... ✓\n- **101:** 84197 ÷ 101 = 833.63... ✓\n- **103:** 84197 ÷ 103 = 817.44... ✓\n- **107:** 84197 ÷ 107 = 786.89... ✓\n- **109:** 84197 ÷ 109 = 772.45... ✓\n- **113:** 84197 ÷ 113 = 745.10... ✓\n- **127:** 84197 ÷ 127 = 662.97... ✓\n- **131:** 84197 ÷ 131 = 642.72... ✓\n- **137:** 84197 ÷ 137 = 614.57... ✓\n- **139:** 84197 ÷ 139 = 605.73... ✓\n- **149:** 84197 ÷ 149 = 565.08... ✓\n- **151:** 84197 ÷ 151 = 557.59... ✓\n- **157:** 84197 ÷ 157 = 536.28... ✓\n- **163:** 84197 ÷ 163 = 516.54... ✓", "verdict": "incorrect", "extracted": true, "format_flags": {"chars": 1555, "refusal_marker": false, "has_markdown": true, "verbose": true}, "usage": {"prompt_tokens": 29, "completion_tokens": 1024, "total_tokens": 1053, "cost": 0.025745, "is_byok": false, "prompt_tokens_details": {"cached_tokens": 0, "cache_write_tokens": 0, "audio_tokens": 0, "video_tokens": 0}, "cache_creation": {"ephemeral_5m_input_tokens": 0, "ephemeral_1h_input_tokens": 0}, "cost_details": {"upstream_inference_cost": 0.025745, "upstream_inference_prompt_cost": 0.000145, "upstream_inference_completions_cost": 0.0256}, "completion_tokens_details": {"reasoning_tokens": 0, "image_tokens": 0, "audio_tokens": 0}}, "cost_credits": "2575", "latency_ms": 12418}