{"ok": true, "task": "primality/0020", "paraphrase": 1, "sample": 0, "alias": "anthropic/claude-opus-4.6", "model_returned": "anthropic/claude-opus-4.6", "expected": false, "task_class": "semiprime", "response": "# Determining if 22733 is a Prime Number\n\nI need to check if 22733 has any divisors other than 1 and itself. I only need to test prime divisors up to √22733 ≈ 150.8.\n\n## Systematic Testing\n\n**Primes to test:** 2, 3, 5, 7, 11, 13, 17, 19, 23, 29, 31, 37, 41, 43, 47, 53, 59, 61, 67, 71, 73, 79, 83, 89, 97, 101, 103, 107, 109, 113, 127, 131, 137, 139, 149\n\n- **2:** 22733 is odd → not divisible\n- **3:** 2+2+7+3+3 = 17, not divisible by 3 → no\n- **5:** Ends in 3 → no\n- **7:** 22733 ÷ 7 = 3247.57... → no\n- **11:** 2−2+7−3+3 = 7, not divisible by 11 → no\n- **13:** 22733 ÷ 13 = 1748.69... → no\n- **17:** 22733 ÷ 17 = 1337.24... → no\n- **19:** 22733 ÷ 19 = 1196.47... → no\n- **23:** 22733 ÷ 23 = 988.39... → no\n- **29:** 22733 ÷ 29 = 783.90... → no\n- **31:** 22733 ÷ 31 = 733.0? → 31 × 733 = 22723, not 22733 → no\n- **37:** 22733 ÷ 37 = 614.67... → no\n- **41:** 22733 ÷ 41 = 554.46... → no\n- **43:** 22733 ÷ 43 = 528.67... → no\n- **47:** 22733 ÷ 47 = 483.68... → no\n- **53:** 22733 ÷ 53 = 428.92... → no\n- **59:** 22733 ÷ 59 = 385.31... → no\n- **61:** 22733 ÷ 61 = 372.67... → no\n- **67:** 22733 ÷ 67 = 339.30... → no\n- **71:** 22733 ÷ 71 = 320.18... → no\n- **73:** 22733 ÷ 73 = 311.41... → no\n- **79:** 22733 ÷ 79 = 287.76... → no\n- **83:** 22733 ÷ 83 = 273.89... → no\n- **89:** 22733 ÷ 89 = 255.43... → no\n- **97:** 22733 ÷ 97 = 234.36... → no\n- **101:** 22733 ÷ 101 = 225.08... → no\n- **103:** 22733 ÷ 103 = 220.71... → no\n- **107:** 22733 ÷ 107 = 212.46... → no\n- **109:** 22733 ÷ 109 = 208.56... → no\n- **113:** 22733 ÷ 113 = 201.18... → no\n- **127:** 22733 ÷ 127 = 179.0? → 127 × 179 = 22733 ✓ → **YES!**\n\n## Conclusion\n\n**22733 is not prime.** It is composite, with the factorization:\n\n**22733 = 127 × 179**", "verdict": "correct", "extracted": false, "format_flags": {"chars": 1712, "refusal_marker": false, "has_markdown": true, "verbose": true}, "usage": {"prompt_tokens": 29, "completion_tokens": 990, "total_tokens": 1019, "cost": 0.024895, "is_byok": false, "prompt_tokens_details": {"cached_tokens": 0, "cache_write_tokens": 0, "audio_tokens": 0, "video_tokens": 0}, "cache_creation": {"ephemeral_5m_input_tokens": 0, "ephemeral_1h_input_tokens": 0}, "cost_details": {"upstream_inference_cost": 0.024895, "upstream_inference_prompt_cost": 0.000145, "upstream_inference_completions_cost": 0.02475}, "completion_tokens_details": {"reasoning_tokens": 0, "image_tokens": 0, "audio_tokens": 0}}, "cost_credits": "2490", "latency_ms": 13058}