{"ok": true, "task": "primality/0020", "paraphrase": 0, "sample": 0, "alias": "anthropic/claude-opus-4.6", "model_returned": "anthropic/claude-opus-4.6", "expected": false, "task_class": "semiprime", "response": "I need to check if 22733 is a prime number.\n\nLet me test divisibility by primes up to √22733 ≈ 150.8.\n\n**Primes to test:** 2, 3, 5, 7, 11, 13, 17, 19, 23, 29, 31, 37, 41, 43, 47, 53, 59, 61, 67, 71, 73, 79, 83, 89, 97, 101, 103, 107, 109, 113, 127, 131, 137, 139, 149\n\n- **2:** 22733 is odd. No.\n- **3:** 2+2+7+3+3 = 17, not divisible by 3. No.\n- **5:** Doesn't end in 0 or 5. No.\n- **7:** 22733 ÷ 7 = 3247.57... No.\n- **11:** 2-2+7-3+3 = 7, not divisible by 11. No.\n- **13:** 22733 ÷ 13 = 1748.7... No.\n- **17:** 22733 ÷ 17 = 1337.2... No.\n- **19:** 22733 ÷ 19 = 1196.47... No.\n- **23:** 22733 ÷ 23 = 988.4... No.\n- **29:** 22733 ÷ 29 = 783.9... No.\n- **31:** 22733 ÷ 31 = 733.3... No.\n- **37:** 22733 ÷ 37 = 614.7... No.\n- **41:** 22733 ÷ 41 = 554.5... No.\n- **43:** 22733 ÷ 43 = 528.7... No.\n- **47:** 22733 ÷ 47 = 483.7... No.\n- **53:** 22733 ÷ 53 = 428.9... No.\n- **59:** 22733 ÷ 59 = 385.3... No.\n- **61:** 22733 ÷ 61 = 372.7... No.\n- **67:** 22733 ÷ 67 = 339.3... No.\n- **71:** 22733 ÷ 71 = 320.2... No.\n- **73:** 22733 ÷ 73 = 311.4... No.\n- **79:** 22733 ÷ 79 = 287.8... No.\n- **83:** 22733 ÷ 83 = 273.9... No.\n- **89:** 22733 ÷ 89 = 255.4... No.\n- **97:** 22733 ÷ 97 = 234.4... No.\n- **101:** 22733 ÷ 101 = 225.1... No.\n- **103:** 22733 ÷ 103 = 220.7... No.\n- **107:** 22733 ÷ 107 = 212.5... Let me check: 107 × 212 = 22684, 22733 - 22684 = 49. No.\n- **109:** 109 × 208 = 22672, 22733 - 22672 = 61. No.\n- **113:** 113 × 201 = 22713, 22733 - 22713 = 20. No.\n- **127:** 127 × 179 = 22733. Let me verify: 127 × 180 = 22860, 22860 - 127 = 22733. **Yes!**\n\n22733 = 127 × 179.\n\n**No.**", "verdict": "correct", "extracted": false, "format_flags": {"chars": 1588, "refusal_marker": false, "has_markdown": true, "verbose": true}, "usage": {"prompt_tokens": 21, "completion_tokens": 983, "total_tokens": 1004, "cost": 0.02468, "is_byok": false, "prompt_tokens_details": {"cached_tokens": 0, "cache_write_tokens": 0, "audio_tokens": 0, "video_tokens": 0}, "cache_creation": {"ephemeral_5m_input_tokens": 0, "ephemeral_1h_input_tokens": 0}, "cost_details": {"upstream_inference_cost": 0.02468, "upstream_inference_prompt_cost": 0.000105, "upstream_inference_completions_cost": 0.024575}, "completion_tokens_details": {"reasoning_tokens": 0, "image_tokens": 0, "audio_tokens": 0}}, "cost_credits": "2468", "latency_ms": 12399}