{"ok": true, "task": "primality/0024", "paraphrase": 1, "sample": 0, "alias": "anthropic/claude-opus-4.6", "model_returned": "anthropic/claude-opus-4.6", "expected": false, "task_class": "semiprime", "response": "# Testing if 61,279 is Prime\n\nI need to check if 61,279 has any divisors other than 1 and itself. I only need to test primes up to √61,279 ≈ 247.5.\n\n## Checking small primes\n\n**2:** 61,279 is odd. ✗\n**3:** 6+1+2+7+9 = 25, not divisible by 3. ✗\n**5:** Doesn't end in 0 or 5. ✗\n**7:** 61,279 ÷ 7 = 8,754.14... ✗\n**11:** Alternating sum: 6-1+2-7+9 = 9, not divisible by 11. ✗\n**13:** 61,279 ÷ 13 = 4,713.77... ✗\n**17:** 61,279 ÷ 17 = 3,604.6... ✗\n**19:** 61,279 ÷ 19 = 3,225.2... ✗\n**23:** 61,279 ÷ 23 = 2,664.3... ✗\n**29:** 61,279 ÷ 29 = 2,113.07... ✗\n**31:** 61,279 ÷ 31 = 1,976.7... ✗\n**37:** 61,279 ÷ 37 = 1,656.7... ✗\n**41:** 61,279 ÷ 41 = 1,494.6... ✗\n**43:** 61,279 ÷ 43 = 1,425.1... ✗\n**47:** 61,279 ÷ 47 = 1,303.8... ✗\n**53:** 61,279 ÷ 53 = 1,156.2... ✗\n**59:** 61,279 ÷ 59 = 1,038.6... ✗\n**61:** 61,279 ÷ 61 = 1,004.6... ✗\n**67:** 61,279 ÷ 67 = 914.6... ✗\n**71:** 61,279 ÷ 71 = 863.1... ✗\n**73:** 61,279 ÷ 73 = 839.4... ✗\n**79:** 61,279 ÷ 79 = 775.7... ✗\n**83:** 61,279 ÷ 83 = 738.3... ✗\n**89:** 61,279 ÷ 89 = 688.5... ✗\n**97:** 61,279 ÷ 97 = 631.7... ✗\n**101:** 61,279 ÷ 101 = 606.7... ✗\n**103:** 61,279 ÷ 103 = 595.0... Let me check: 103 × 595 = 61,285. ✗\n**107:** 61,279 ÷ 107 = 572.7... ✗\n**109:** 61,279 ÷ 109 = 562.2... ✗\n**113:** 61,279 ÷ 113 = 542.3... ✗\n**127:** 61,279 ÷ 127 = 482.5... ✗\n**131:** 61,279 ÷ 131 = 467.8... ✗\n**137:** 61,279 ÷ 137 = 447.3... ✗\n**139:** 61,279 ÷ 139 = 441.0... 139 × 441 = 61,299. ✗\n**149:** 61,279 ÷ 149 = 411.3... ✗\n**151:** 61,279 ÷ 151 = 405.8... ✗\n**157:** 61", "verdict": "incorrect", "extracted": true, "format_flags": {"chars": 1511, "refusal_marker": false, "has_markdown": true, "verbose": true}, "usage": {"prompt_tokens": 29, "completion_tokens": 1024, "total_tokens": 1053, "cost": 0.025745, "is_byok": false, "prompt_tokens_details": {"cached_tokens": 0, "cache_write_tokens": 0, "audio_tokens": 0, "video_tokens": 0}, "cache_creation": {"ephemeral_5m_input_tokens": 0, "ephemeral_1h_input_tokens": 0}, "cost_details": {"upstream_inference_cost": 0.025745, "upstream_inference_prompt_cost": 0.000145, "upstream_inference_completions_cost": 0.0256}, "completion_tokens_details": {"reasoning_tokens": 0, "image_tokens": 0, "audio_tokens": 0}}, "cost_credits": "2575", "latency_ms": 13256}