{"ok": true, "task": "primality/0027", "paraphrase": 1, "sample": 0, "alias": "anthropic/claude-opus-4.6", "model_returned": "anthropic/claude-opus-4.6", "expected": true, "task_class": "prime", "response": "# Determining if 12569 is Prime\n\nI need to check if 12569 is divisible by any prime number up to √12569 ≈ 112.1.\n\nSo I need to test primes up to 112: 2, 3, 5, 7, 11, 13, 17, 19, 23, 29, 31, 37, 41, 43, 47, 53, 59, 61, 67, 71, 73, 79, 83, 89, 97, 101, 103, 107, 109.\n\n**Small primes:**\n- **2:** 12569 is odd. ✗\n- **3:** 1+2+5+6+9 = 23, not divisible by 3. ✗\n- **5:** Doesn't end in 0 or 5. ✗\n- **7:** 12569 ÷ 7 = 1795.57... ✗\n- **11:** 1−2+5−6+9 = 7, not divisible by 11. ✗\n- **13:** 13 × 967 = 12571, so no. ✗\n- **17:** 17 × 739 = 12563, 17 × 740 = 12580, so no. ✗\n- **19:** 19 × 661 = 12559, 19 × 662 = 12578, so no. ✗\n- **23:** 23 × 546 = 12558, 23 × 547 = 12581, so no. ✗\n- **29:** 29 × 433 = 12557, 29 × 434 = 12586, so no. ✗\n- **31:** 31 × 405 = 12555, 31 × 406 = 12586, so no. ✗\n- **37:** 37 × 339 = 12543, 37 × 340 = 12580, so no. ✗\n- **41:** 41 × 306 = 12546, 41 × 307 = 12587, so no. ✗\n- **43:** 43 × 292 = 12556, 43 × 293 = 12599, so no. ✗\n- **47:** 47 × 267 = 12549, 47 × 268 = 12596, so no. ✗\n- **53:** 53 × 237 = 12561, 53 × 238 = 12614, so no. ✗\n- **59:** 59 × 213 = 12567, 59 × 214 = 12626, so no. ✗\n- **61:** 61 × 206 = 12566, 61 × 207 = 12627, so no. ✗\n- **67:** 67 × 187 = 12529, 67 × 188 = 12596, so no. ✗\n- **71:** 71 × 177 = 12567, 71 × 178 = 12738, so no. ✗\n- **73:** 73 × 172 = 12556, 73 × 173 = 12629, so no. ✗\n- **79:** 79 × 159 = 12561, 79 × 160 = 12640, so no. ✗\n- **83:** 83 × 151 = 12533, 83 × 152 = 12616, so no. ✗\n- **89:** 89 × 141 = 12549, 89 × 142 = 12638, so no. ✗\n- **97:** 97 × 129 = 12513, 97 × 130 = 12610, so no. ✗\n- **101:** 101 × 124 = 12524, 101 × 125 = 12625, so no. ✗\n- **103:** 103 × 122 = 12566, 103 × 123 = 12669, so no.", "verdict": "incorrect", "extracted": false, "format_flags": {"chars": 1668, "refusal_marker": false, "has_markdown": true, "verbose": true}, "usage": {"prompt_tokens": 29, "completion_tokens": 1024, "total_tokens": 1053, "cost": 0.025745, "is_byok": false, "prompt_tokens_details": {"cached_tokens": 0, "cache_write_tokens": 0, "audio_tokens": 0, "video_tokens": 0}, "cache_creation": {"ephemeral_5m_input_tokens": 0, "ephemeral_1h_input_tokens": 0}, "cost_details": {"upstream_inference_cost": 0.025745, "upstream_inference_prompt_cost": 0.000145, "upstream_inference_completions_cost": 0.0256}, "completion_tokens_details": {"reasoning_tokens": 0, "image_tokens": 0, "audio_tokens": 0}}, "cost_credits": "2575", "latency_ms": 11833}