{"ok": true, "task": "primality/0000", "paraphrase": 0, "sample": 0, "alias": "anthropic/claude-sonnet-4.6", "model_returned": "anthropic/claude-sonnet-4.6", "expected": true, "task_class": "prime", "response": "To check if 22861 is prime, I need to test divisibility by primes up to √22861 ≈ 151.2.\n\nTesting small primes:\n- Not even\n- 2+2+8+6+1 = 19, not divisible by 3\n- Doesn't end in 0 or 5, not divisible by 5\n- Testing 7: 22861 / 7 = 3265.857... No\n- Testing 11: 22861 / 11 = 2078.27... No\n- Testing 13: 22861 / 13 = 1758.5... No\n- Testing 17: 22861 / 17 = 1344.8... No\n- Testing 19: 22861 / 19 = 1203.2... No\n- Testing 23: 22861 / 23 = 993.9... No\n- Testing 29: 22861 / 29 = 788.3... No\n- Testing 31: 22861 / 31 = 737.5... No\n- Testing 37: 22861 / 37 = 618.1... No\n- Testing 41: 22861 / 41 = 557.6... No\n- Testing 43: 22861 / 43 = 531.7... No\n- Testing 47: 22861 / 47 = 486.4... No\n- Testing 53: 22861 / 53 = 431.3... No\n- Testing 59: 22861 / 59 = 387.5... No\n- Testing 61: 22861 / 61 = 374.9... No\n- Testing 67: 22861 / 67 = 341.2... No\n- Testing 71: 22861 / 71 = 321.9... No\n- Testing 73: 22861 / 73 = 313.2... No\n- Testing 79: 22861 / 79 = 289.4... No\n- Testing 83: 22861 / 83 = 275.4... No\n- Testing 89: 22861 / 89 = 256.9... No\n- Testing 97: 22861 / 97 = 235.7... No\n- Testing 101: 22861 / 101 = 226.3... No\n- Testing 103: 22861 / 103 = 221.9... No\n- Testing 107: 22861 / 107 = 213.7... No\n- Testing 109: 22861 / 109 = 209.7... No\n- Testing 113: 22861 / 113 = 202.3... No\n- Testing 127: 22861 / 127 = 180.0... 127 × 180 = 22860, so No\n- Testing 131: 22861 / 131 = 174.5... No\n- Testing 137: 22861 / 137 = 166.9... No\n- Testing 139: 22861 / 139 = 164.5... No\n- Testing 149: 22861 / 149 = 153.4... No\n- Testing 151: 22861 / 151 = 151.4... No\n\n**Yes**, 22861 is a prime number.", "verdict": "correct", "extracted": true, "format_flags": {"chars": 1574, "refusal_marker": false, "has_markdown": true, "verbose": true}, "usage": {"prompt_tokens": 21, "completion_tokens": 814, "total_tokens": 835, "cost": 0.012273, "is_byok": false, "prompt_tokens_details": {"cached_tokens": 0, "cache_write_tokens": 0, "audio_tokens": 0, "video_tokens": 0}, "cache_creation": {"ephemeral_5m_input_tokens": 0, "ephemeral_1h_input_tokens": 0}, "cost_details": {"upstream_inference_cost": 0.012273, "upstream_inference_prompt_cost": 6.3e-05, "upstream_inference_completions_cost": 0.01221}, "completion_tokens_details": {"reasoning_tokens": 0, "image_tokens": 0, "audio_tokens": 0}}, "cost_credits": "1228", "latency_ms": 12352}