{"ok": true, "task": "primality/0008", "paraphrase": 0, "sample": 0, "alias": "anthropic/claude-sonnet-4.6", "model_returned": "anthropic/claude-sonnet-4.6", "expected": false, "task_class": "semiprime", "response": "To check if 53531 is prime, I need to test divisibility by primes up to √53531 ≈ 231.\n\nTesting some primes:\n- 53531 ÷ 7 = 7647.28... no\n- 53531 ÷ 11 = 4866.4... no\n- 53531 ÷ 13 = 4117.8... no\n- 53531 ÷ 17 = 3149.0... → 17 × 3149 = 53533, no\n- 53531 ÷ 19 = 2817.4... no\n- 53531 ÷ 23 = 2327.4... no\n- 53531 ÷ 29 = 1845.9... no\n- 53531 ÷ 31 = 1726.8... no\n- 53531 ÷ 37 = 1446.8... no\n- 53531 ÷ 41 = 1305.6... no\n- 53531 ÷ 43 = 1244.9... no\n- 53531 ÷ 47 = 1138.9... no\n- 53531 ÷ 53 = 1010.0... → 53 × 1010 = 53530, no\n- 53531 ÷ 59 = 907.3... no\n- 53531 ÷ 61 = 877.6... no\n- 53531 ÷ 67 = 798.9... no\n- 53531 ÷ 71 = 753.9... no\n- 53531 ÷ 73 = 733.3... no\n- 53531 ÷ 79 = 677.6... no\n- 53531 ÷ 83 = 644.9... no\n- 53531 ÷ 89 = 601.5... no\n- 53531 ÷ 97 = 551.9... no\n- 53531 ÷ 101 = 530.0... → 101 × 530 = 53530, no\n- 53531 ÷ 103 = 519.7... no\n- 53531 ÷ 107 = 500.3... no\n- 53531 ÷ 109 = 491.1... no\n- 53531 ÷ 113 = 473.7... no\n- 53531 ÷ 127 = 421.5... no\n- 53531 ÷ 131 = 408.6... no\n- 53531 ÷ 137 = 390.7... no\n- 53531 ÷ 139 = 385.1... no\n- 53531 ÷ 149 = 359.3... no\n- 53531 ÷ 151 = 354.5... no\n- 53531 ÷ 157 = 340.9... no\n- 53531 ÷ 163 = 328.4... no\n- 53531 ÷ 167 = 320.5... no\n- 53531 ÷ 173 = 309.4... no\n- 53531 ÷ 179 = 299.1... no\n- 53531 ÷ 181 = 295.8... no\n- 53531 ÷ 191 = 280.3... no\n- 53531 ÷ 193 = 277.4... no\n- 53531 ÷ 197 = 271.7... no\n- 53531 ÷ 199 = 269.0... → 199 × 269 = 53531 ✓\n\n**Yes**, wait — 199 × 269 = 53531, so it is **not** prime.\n\n**No**", "verdict": "correct", "extracted": false, "format_flags": {"chars": 1452, "refusal_marker": false, "has_markdown": true, "verbose": true}, "usage": {"prompt_tokens": 21, "completion_tokens": 1000, "total_tokens": 1021, "cost": 0.015063, "is_byok": false, "prompt_tokens_details": {"cached_tokens": 0, "cache_write_tokens": 0, "audio_tokens": 0, "video_tokens": 0}, "cache_creation": {"ephemeral_5m_input_tokens": 0, "ephemeral_1h_input_tokens": 0}, "cost_details": {"upstream_inference_cost": 0.015063, "upstream_inference_prompt_cost": 6.3e-05, "upstream_inference_completions_cost": 0.015}, "completion_tokens_details": {"reasoning_tokens": 0, "image_tokens": 0, "audio_tokens": 0}}, "cost_credits": "1507", "latency_ms": 14417}