{"ok": true, "task": "primality/0010", "paraphrase": 0, "sample": 0, "alias": "anthropic/claude-sonnet-4.6", "model_returned": "anthropic/claude-sonnet-4.6", "expected": true, "task_class": "prime", "response": "To check if 22717 is prime, I need to test divisibility by primes up to √22717 ≈ 150.7.\n\nTesting small primes:\n- Not even\n- 2+2+7+1+7 = 19, not divisible by 3\n- Doesn't end in 0 or 5, not divisible by 5\n- 22717 ÷ 7 = 3245.28... no\n- 22717 ÷ 11 = 2065.18... no\n- 22717 ÷ 13 = 1747.46... no\n- 22717 ÷ 17 = 1336.29... no\n- 22717 ÷ 19 = 1195.63... no\n- 22717 ÷ 23 = 987.69... no\n- 22717 ÷ 29 = 783.34... no\n- 22717 ÷ 31 = 732.8... no\n- 22717 ÷ 37 = 614.24... no\n- 22717 ÷ 41 = 554.07... no\n- 22717 ÷ 43 = 528.3... no\n- 22717 ÷ 47 = 483.34... no\n- 22717 ÷ 53 = 428.62... no\n- 22717 ÷ 59 = 384.9... no\n- 22717 ÷ 61 = 372.4... no\n- 22717 ÷ 67 = 339.06... no\n- 22717 ÷ 71 = 319.96... no\n- 22717 ÷ 73 = 311.19... no\n- 22717 ÷ 79 = 287.55... no\n- 22717 ÷ 83 = 273.7... no\n- 22717 ÷ 89 = 255.25... no\n- 22717 ÷ 97 = 234.09... no\n- 22717 ÷ 101 = 224.92... no\n- 22717 ÷ 103 = 220.55... no\n- 22717 ÷ 107 = 212.3... no\n- 22717 ÷ 109 = 208.4... no\n- 22717 ÷ 113 = 201.04... no\n- 22717 ÷ 127 = 178.87... no\n- 22717 ÷ 131 = 173.4... no\n- 22717 ÷ 137 = 165.8... no\n- 22717 ÷ 139 = 163.4... no\n- 22717 ÷ 149 = 152.46... no\n\n**Yes**, 22717 is a prime number.", "verdict": "correct", "extracted": true, "format_flags": {"chars": 1137, "refusal_marker": false, "has_markdown": true, "verbose": true}, "usage": {"prompt_tokens": 21, "completion_tokens": 748, "total_tokens": 769, "cost": 0.011283, "is_byok": false, "prompt_tokens_details": {"cached_tokens": 0, "cache_write_tokens": 0, "audio_tokens": 0, "video_tokens": 0}, "cache_creation": {"ephemeral_5m_input_tokens": 0, "ephemeral_1h_input_tokens": 0}, "cost_details": {"upstream_inference_cost": 0.011283, "upstream_inference_prompt_cost": 6.3e-05, "upstream_inference_completions_cost": 0.01122}, "completion_tokens_details": {"reasoning_tokens": 0, "image_tokens": 0, "audio_tokens": 0}}, "cost_credits": "1129", "latency_ms": 11123}