{"ok": true, "task": "primality/0014", "paraphrase": 0, "sample": 0, "alias": "anthropic/claude-sonnet-4.6", "model_returned": "anthropic/claude-sonnet-4.6", "expected": true, "task_class": "prime", "response": "To check if 20369 is prime, I need to test divisibility by primes up to √20369 ≈ 142.7.\n\nTesting small primes:\n- 20369 / 7 = 2909.857... no\n- 20369 / 11 = 1851.7... no\n- 20369 / 13 = 1566.8... no\n- 20369 / 17 = 1198.2... no\n- 20369 / 19 = 1072.0... → 19 × 1072 = 20368, so no\n- 20369 / 23 = 885.6... no\n- 20369 / 29 = 702.4... no\n- 20369 / 31 = 657.1... no\n- 20369 / 37 = 550.5... no\n- 20369 / 41 = 496.8... no\n- 20369 / 43 = 473.7... no\n- 20369 / 47 = 433.4... no\n- 20369 / 53 = 384.3... no\n- 20369 / 59 = 345.2... no\n- 20369 / 61 = 334.0... → 61 × 334 = 20374, no\n- 20369 / 67 = 303.9... no\n- 20369 / 71 = 286.9... no\n- 20369 / 73 = 279.0... → 73 × 279 = 20367, no\n- 20369 / 79 = 257.8... no\n- 20369 / 83 = 245.4... no\n- 20369 / 89 = 228.9... no\n- 20369 / 97 = 209.9... no\n- 20369 / 101 = 201.7... no\n- 20369 / 103 = 197.8... no\n- 20369 / 107 = 190.4... no\n- 20369 / 109 = 186.9... no\n- 20369 / 113 = 180.3... no\n- 20369 / 127 = 160.4... no\n- 20369 / 131 = 155.5... no\n- 20369 / 137 = 148.7... no\n- 20369 / 139 = 146.5... no\n- 20369 / 141 = not prime; 20369 / 143 = 142.4... no\n\n**Yes**, 20369 is a prime number.", "verdict": "correct", "extracted": true, "format_flags": {"chars": 1114, "refusal_marker": false, "has_markdown": true, "verbose": true}, "usage": {"prompt_tokens": 21, "completion_tokens": 658, "total_tokens": 679, "cost": 0.009933, "is_byok": false, "prompt_tokens_details": {"cached_tokens": 0, "cache_write_tokens": 0, "audio_tokens": 0, "video_tokens": 0}, "cache_creation": {"ephemeral_5m_input_tokens": 0, "ephemeral_1h_input_tokens": 0}, "cost_details": {"upstream_inference_cost": 0.009933, "upstream_inference_prompt_cost": 6.3e-05, "upstream_inference_completions_cost": 0.00987}, "completion_tokens_details": {"reasoning_tokens": 0, "image_tokens": 0, "audio_tokens": 0}}, "cost_credits": "994", "latency_ms": 9594}