{"ok": true, "task": "primality/0015", "paraphrase": 0, "sample": 0, "alias": "anthropic/claude-sonnet-4.6", "model_returned": "anthropic/claude-sonnet-4.6", "expected": false, "task_class": "semiprime", "response": "To check if 43921 is prime, I need to test divisibility by primes up to √43921 ≈ 209.6.\n\nLet me test some values:\n- 43921 ÷ 11 = 3992.8... no\n- 43921 ÷ 7 = 6274.4... no\n- 43921 ÷ 13 = 3378.5... no\n- 43921 ÷ 17 = 2583.6... no\n- 43921 ÷ 19 = 2311.6... no\n- 43921 ÷ 23 = 1909.6... no\n- 43921 ÷ 29 = 1514.5... no\n- 43921 ÷ 31 = 1416.8... no\n- 43921 ÷ 37 = 1187.1... no\n- 43921 ÷ 41 = 1071.2... no\n- 43921 ÷ 43 = 1021.4... no\n- 43921 ÷ 47 = 934.5... no\n- 43921 ÷ 53 = 829.0... → 53 × 829 = 43937, no\n- 43921 ÷ 59 = 744.4... no\n- 43921 ÷ 61 = 720.0... → 61 × 720 = 43920, so 43921 = 61 × 720 + 1, no\n- 43921 ÷ 67 = 655.5... no\n- 43921 ÷ 71 = 618.6... no\n- 43921 ÷ 73 = 601.7... no\n- 43921 ÷ 79 = 556.0... → 79 × 556 = 43924, no\n- 43921 ÷ 83 = 529.2... no\n- 43921 ÷ 89 = 493.5... no\n- 43921 ÷ 97 = 452.8... no\n- 43921 ÷ 101 = 434.9... no\n- 43921 ÷ 103 = 426.4... no\n- 43921 ÷ 107 = 410.5... no\n- 43921 ÷ 109 = 403.0... → 109 × 403 = 43927, no\n- 43921 ÷ 113 = 388.7... no\n- 43921 ÷ 127 = 345.8... no\n- 43921 ÷ 131 = 335.3... no\n- 43921 ÷ 137 = 320.6... no\n- 43921 ÷ 139 = 316.0... → 139 × 316 = 43924, no\n- 43921 ÷ 149 = 294.8... no\n- 43921 ÷ 151 = 290.9... no\n- 43921 ÷ 157 = 279.7... no\n- 43921 ÷ 163 = 269.5... no\n- 43921 ÷ 167 = 263.0... → 167 × 263 = 43921 ✓\n\n**43921 = 167 × 263**\n\n**No**, 43921 is not a prime number.", "verdict": "incorrect", "extracted": true, "format_flags": {"chars": 1316, "refusal_marker": false, "has_markdown": true, "verbose": true}, "usage": {"prompt_tokens": 21, "completion_tokens": 899, "total_tokens": 920, "cost": 0.013548, "is_byok": false, "prompt_tokens_details": {"cached_tokens": 0, "cache_write_tokens": 0, "audio_tokens": 0, "video_tokens": 0}, "cache_creation": {"ephemeral_5m_input_tokens": 0, "ephemeral_1h_input_tokens": 0}, "cost_details": {"upstream_inference_cost": 0.013548, "upstream_inference_prompt_cost": 6.3e-05, "upstream_inference_completions_cost": 0.013485}, "completion_tokens_details": {"reasoning_tokens": 0, "image_tokens": 0, "audio_tokens": 0}}, "cost_credits": "1355", "latency_ms": 12281}