{"ok": true, "task": "primality/0018", "paraphrase": 0, "sample": 0, "alias": "anthropic/claude-sonnet-4.6", "model_returned": "anthropic/claude-sonnet-4.6", "expected": false, "task_class": "semiprime", "response": "To check if 84197 is prime, I need to test divisibility by primes up to √84197 ≈ 290.\n\nTesting some primes:\n- 84197 ÷ 7 = 12028.14... no\n- 84197 ÷ 11 = 7654.27... no\n- 84197 ÷ 13 = 6476.69... no\n- 84197 ÷ 17 = 4952.8... no\n- 84197 ÷ 19 = 4431.4... no\n- 84197 ÷ 23 = 3660.7... no\n- 84197 ÷ 29 = 2903.3... no\n- 84197 ÷ 31 = 2716.0... → 31 × 2716 = 84196, no\n- 84197 ÷ 37 = 2275.6... no\n- 84197 ÷ 41 = 2053.6... no\n- 84197 ÷ 43 = 1958.1... no\n- 84197 ÷ 47 = 1791.4... no\n- 84197 ÷ 53 = 1588.6... no\n- 84197 ÷ 59 = 1427.1... no\n- 84197 ÷ 61 = 1380.9... no\n- 84197 ÷ 67 = 1256.7... no\n- 84197 ÷ 71 = 1185.9... no\n- 84197 ÷ 73 = 1153.4... no\n- 84197 ÷ 79 = 1065.8... no\n- 84197 ÷ 83 = 1014.4... no\n- 84197 ÷ 89 = 945.9... no\n- 84197 ÷ 97 = 867.9... no\n- 84197 ÷ 101 = 833.6... no\n- 84197 ÷ 103 = 817.4... no\n- 84197 ÷ 107 = 787.0... → 107 × 787 = 84209, no\n- 84197 ÷ 109 = 772.4... no\n- 84197 ÷ 113 = 745.1... no\n- 84197 ÷ 127 = 663.0... → 127 × 663 = 84201, no\n- 84197 ÷ 131 = 642.7... no\n- 84197 ÷ 137 = 614.6... no\n- 84197 ÷ 139 = 605.7... no\n- 84197 ÷ 149 = 565.1... no\n- 84197 ÷ 151 = 557.6... no\n- 84197 ÷ 157 = 536.3... no\n- 84197 ÷ 163 = 516.5... no\n- 84197 ÷ 167 = 504.2... no\n- 84197 ÷ 173 = 486.7... no\n- 84197 ÷ 179 = 470.4... no\n- 84197 ÷ 181 = 465.2... no\n- 84197 ÷ 191 = 440.8... no\n- 84197 ÷ 193 = 436.5... no\n- 84197 ÷ 197 = 427.4... no\n- 84197 ÷ 199 = 423.1... no\n- 84197 ÷ 211 = 399.0... → 211 × 399 = 84189, no\n- 84197 ÷ 223 = 377.6... no\n- 84197 ÷ 227 ", "verdict": "incorrect", "extracted": true, "format_flags": {"chars": 1467, "refusal_marker": false, "has_markdown": false, "verbose": true}, "usage": {"prompt_tokens": 21, "completion_tokens": 1024, "total_tokens": 1045, "cost": 0.015423, "is_byok": false, "prompt_tokens_details": {"cached_tokens": 0, "cache_write_tokens": 0, "audio_tokens": 0, "video_tokens": 0}, "cache_creation": {"ephemeral_5m_input_tokens": 0, "ephemeral_1h_input_tokens": 0}, "cost_details": {"upstream_inference_cost": 0.015423, "upstream_inference_prompt_cost": 6.3e-05, "upstream_inference_completions_cost": 0.01536}, "completion_tokens_details": {"reasoning_tokens": 0, "image_tokens": 0, "audio_tokens": 0}}, "cost_credits": "1543", "latency_ms": 13098}