{"ok": true, "task": "primality/0020", "paraphrase": 0, "sample": 0, "alias": "anthropic/claude-sonnet-4.6", "model_returned": "anthropic/claude-sonnet-4.6", "expected": false, "task_class": "semiprime", "response": "To check if 22733 is prime, I need to test divisibility by primes up to √22733 ≈ 150.8.\n\nTesting small primes:\n- Not even\n- Digit sum: 2+2+7+3+3 = 17, not divisible by 3\n- Doesn't end in 0 or 5\n- 22733 / 7 = 3247.57... no\n- 22733 / 11 = 2066.6... no\n- 22733 / 13 = 1748.7... no\n- 22733 / 17 = 1337.2... no\n- 22733 / 19 = 1196.5... no\n- 22733 / 23 = 988.4... no\n- 22733 / 29 = 784.2... no\n- 22733 / 31 = 733.3... no\n- 22733 / 37 = 614.9... no\n- 22733 / 41 = 554.5... no\n- 22733 / 43 = 528.7... no\n- 22733 / 47 = 483.7... no\n- 22733 / 53 = 428.9... no\n- 22733 / 59 = 385.3... no\n- 22733 / 61 = 372.7... no\n- 22733 / 67 = 339.3... no\n- 22733 / 71 = 320.2... no\n- 22733 / 73 = 311.4... no\n- 22733 / 79 = 287.8... no\n- 22733 / 83 = 273.9... no\n- 22733 / 89 = 255.4... no\n- 22733 / 97 = 234.4... no\n- 22733 / 101 = 225.1... no\n- 22733 / 103 = 220.7... no\n- 22733 / 107 = 212.5... no\n- 22733 / 109 = 208.6... no\n- 22733 / 113 = 201.2... no\n- 22733 / 127 = 179.0... 127 × 179 = 22733? 127 × 179 = 127×180 - 127 = 22860 - 127 = 22733 ✓\n\nYes, 22733 = 127 × 179, so:\n\n**No**, 22733 is not a prime number.", "verdict": "incorrect", "extracted": true, "format_flags": {"chars": 1093, "refusal_marker": false, "has_markdown": true, "verbose": true}, "usage": {"prompt_tokens": 21, "completion_tokens": 644, "total_tokens": 665, "cost": 0.009723, "is_byok": false, "prompt_tokens_details": {"cached_tokens": 0, "cache_write_tokens": 0, "audio_tokens": 0, "video_tokens": 0}, "cache_creation": {"ephemeral_5m_input_tokens": 0, "ephemeral_1h_input_tokens": 0}, "cost_details": {"upstream_inference_cost": 0.009723, "upstream_inference_prompt_cost": 6.3e-05, "upstream_inference_completions_cost": 0.00966}, "completion_tokens_details": {"reasoning_tokens": 0, "image_tokens": 0, "audio_tokens": 0}}, "cost_credits": "973", "latency_ms": 9581}