{"ok": true, "task": "primality/0026", "paraphrase": 0, "sample": 0, "alias": "anthropic/claude-sonnet-4.6", "model_returned": "anthropic/claude-sonnet-4.6", "expected": true, "task_class": "prime", "response": "To check if 16249 is prime, I need to test divisibility by primes up to √16249 ≈ 127.5.\n\nTesting: 16249 ÷ 127 = 127.9... → 127 × 127 = 16129, 127 × 128 = 16256 (too high)\n\nLet me check: 127 × 127 = 16129, not 16249.\n\nTesting small primes and working systematically:\n- 16249 ÷ 7 = 2321.28... no\n- 16249 ÷ 11 = 1477.18... no\n- 16249 ÷ 13 = 1249.9... → 13 × 1250 = 16250, so no\n- 16249 ÷ 17 = 955.8... no\n- 16249 ÷ 19 = 855.2... no\n- 16249 ÷ 23 = 706.5... no\n- 16249 ÷ 29 = 560.3... no\n- 16249 ÷ 31 = 524.2... no\n- 16249 ÷ 37 = 439.2... no\n- 16249 ÷ 41 = 396.3... no\n- 16249 ÷ 43 = 377.9... no\n- 16249 ÷ 47 = 345.7... no\n- 16249 ÷ 53 = 306.6... no\n- 16249 ÷ 59 = 275.4... no\n- 16249 ÷ 61 = 266.4... no\n- 16249 ÷ 67 = 242.5... no\n- 16249 ÷ 71 = 228.9... no\n- 16249 ÷ 73 = 222.6... no\n- 16249 ÷ 79 = 205.7... no\n- 16249 ÷ 83 = 195.8... no\n- 16249 ÷ 89 = 182.6... no\n- 16249 ÷ 97 = 167.5... no\n- 16249 ÷ 101 = 160.9... no\n- 16249 ÷ 103 = 157.8... no\n- 16249 ÷ 107 = 151.9... no\n- 16249 ÷ 109 = 149.1... no\n- 16249 ÷ 113 = 143.8... no\n\n**Yes**, 16249 is a prime number.", "verdict": "correct", "extracted": true, "format_flags": {"chars": 1062, "refusal_marker": false, "has_markdown": true, "verbose": true}, "usage": {"prompt_tokens": 21, "completion_tokens": 689, "total_tokens": 710, "cost": 0.010398, "is_byok": false, "prompt_tokens_details": {"cached_tokens": 0, "cache_write_tokens": 0, "audio_tokens": 0, "video_tokens": 0}, "cache_creation": {"ephemeral_5m_input_tokens": 0, "ephemeral_1h_input_tokens": 0}, "cost_details": {"upstream_inference_cost": 0.010398, "upstream_inference_prompt_cost": 6.3e-05, "upstream_inference_completions_cost": 0.010335}, "completion_tokens_details": {"reasoning_tokens": 0, "image_tokens": 0, "audio_tokens": 0}}, "cost_credits": "1040", "latency_ms": 13432}