{"ok": true, "task": "primality/0027", "paraphrase": 0, "sample": 0, "alias": "anthropic/claude-sonnet-4.6", "model_returned": "anthropic/claude-sonnet-4.6", "expected": true, "task_class": "prime", "response": "To check if 12569 is prime, I need to test divisibility by primes up to √12569 ≈ 112.\n\nTesting small primes:\n- Not even\n- 1+2+5+6+9 = 23, not divisible by 3\n- Doesn't end in 0 or 5, not divisible by 5\n- Testing 7: 12569 ÷ 7 = 1795.57... No\n- Testing 11: 12569 ÷ 11 = 1142.6... No\n- Testing 13: 12569 ÷ 13 = 967.0 → 13 × 967 = 12571. No\n- Testing 17: 12569 ÷ 17 = 739.35... No\n- Testing 19: 12569 ÷ 19 = 661.5... No\n- Testing 23: 12569 ÷ 23 = 546.5... No\n- Testing 29: 12569 ÷ 29 = 433.4... No\n- Testing 31: 12569 ÷ 31 = 405.4... No\n- Testing 37: 12569 ÷ 37 = 339.7... No\n- Testing 41: 12569 ÷ 41 = 306.6... No\n- Testing 43: 12569 ÷ 43 = 292.3... No\n- Testing 47: 12569 ÷ 47 = 267.4... No\n- Testing 53: 12569 ÷ 53 = 237.1... No\n- Testing 59: 12569 ÷ 59 = 213.0 → 59 × 213 = 12567. No\n- Testing 61: 12569 ÷ 61 = 206.0 → 61 × 206 = 12566. No\n- Testing 67: 12569 ÷ 67 = 187.6... No\n- Testing 71: 12569 ÷ 71 = 177.0 → 71 × 177 = 12567. No\n- Testing 73: 12569 ÷ 73 = 172.2... No\n- Testing 79: 12569 ÷ 79 = 159.1... No\n- Testing 83: 12569 ÷ 83 = 151.4... No\n- Testing 89: 12569 ÷ 89 = 141.2... No\n- Testing 97: 12569 ÷ 97 = 129.6... No\n- Testing 101: 12569 ÷ 101 = 124.4... No\n- Testing 103: 12569 ÷ 103 = 122.0 → 103 × 122 = 12566. No\n- Testing 107: 12569 ÷ 107 = 117.5... No\n- Testing 109: 12569 ÷ 109 = 115.3... No\n\n**Yes**, 12569 is a prime number.", "verdict": "correct", "extracted": true, "format_flags": {"chars": 1345, "refusal_marker": false, "has_markdown": true, "verbose": true}, "usage": {"prompt_tokens": 21, "completion_tokens": 792, "total_tokens": 813, "cost": 0.011943, "is_byok": false, "prompt_tokens_details": {"cached_tokens": 0, "cache_write_tokens": 0, "audio_tokens": 0, "video_tokens": 0}, "cache_creation": {"ephemeral_5m_input_tokens": 0, "ephemeral_1h_input_tokens": 0}, "cost_details": {"upstream_inference_cost": 0.011943, "upstream_inference_prompt_cost": 6.3e-05, "upstream_inference_completions_cost": 0.01188}, "completion_tokens_details": {"reasoning_tokens": 0, "image_tokens": 0, "audio_tokens": 0}}, "cost_credits": "1195", "latency_ms": 10960}